"","population","habitat","climate"
"1",0.70409748203683,-0.13215846727144,0.708933046827558
"2",0.233058669116827,1.05566785727654,0.338429949845382
"3",-1.90236934953706,0.530896127722528,-1.27842296934559
"4",0.570213682918679,-0.163648564139813,-1.11432331508628
"5",0.0881288855816649,-1.37732535875752,0.668629463014296
